Workbook
Name MyCell: Data!$B$2
Name MyName: Data!$A$1:$A$5

Sheet Data
A1: 1 | B1: 10 | D1: alpha
A2: 2 | B2: 20 | D2: beta
A3: 3 | B3: 30
A4: 4 | B4: 40
A5: 5 | B5: 50
A6: 6 | B6: 60
A7: 7 | B7: 70
A8: 8 | B8: 80
A9: 9 | B9: 90
A10: 10 | B10: 100
A11: 11 | B11: 110
A12: 12 | B12: 120
A13: 13 | B13: 130
A14: 14 | B14: 140
... A20: 20 | B20: 200

Sheet Sheet Space
A1: 100
A2: 200
A3: 300
A4: 400
A5: 500
A6: 600
A7: 700
A8: 800
A9: 900
A10: 1000

Sheet Formulas
A1: 1 | B1: 3 | D1: =A1+A2 -> 3 | E1: A1+A2
A2: 2 | B2: 6 | D2: =A1-A2 -> -1 | E2: A1-A2
A3: 3 | B3: 9 | D3: =A1*A2 -> 2 | E3: A1*A2
A4: 4 | B4: 12 | D4: =A1/A2 -> 0.5 | E4: A1/A2
A5: 5 | B5: 15 | D5: =A1^A2 -> 1 | E5: A1^A2
A6: 6 | B6: 18 | D6: =A1&A2 -> 12 | E6: A1&A2
A7: 7 | B7: 21 | D7: =A1<A2 -> TRUE | E7: A1<A2
A8: 8 | B8: 24 | D8: =A1<=A2 -> TRUE | E8: A1<=A2
A9: 9 | B9: 27 | D9: =A1=A2 -> FALSE | E9: A1=A2
A10: 10 | B10: 30 | D10: =A1>=A2 -> FALSE | E10: A1>=A2
A11: 11 | B11: 33 | D11: =A1>A2 -> FALSE | E11: A1>A2
A12: 12 | B12: 36 | D12: =A1<>A2 -> TRUE | E12: A1<>A2
A13: 13 | B13: 39 | D13: =-A1 -> -1 | E13: -A1
A14: 14 | B14: 42 | D14: =+A1 -> 1 | E14: +A1
A15: 15 | B15: 45 | D15: =A1% -> 0.01 | E15: A1%
A16: 16 | B16: 48 | D16: =(A1+A2)*A3 -> 9 | E16: (A1+A2)*A3
A17: 17 | B17: 51 | D17: =A1+A2*A3 -> 7 | E17: A1+A2*A3
A18: 18 | B18: 54 | D18: =(A1+A2)/(A3-A4) -> -3 | E18: (A1+A2)/(A3-A4)
A19: 19 | B19: 57 | D19: =1 -> 1 | E19: 1
A20: 20 | B20: 60 | D20: =1.5 -> 1.5 | E20: 1.5
D21: =-1.5 -> -1.5 | E21: -1.5
D22: =1000000 -> 1000000 | E22: 1000000
D23: ="hello" -> hello | E23: "hello"
D24: ="quote""inside" -> quote"inside | E24: "quote""inside"
D25: =TRUE -> TRUE | E25: TRUE
D26: =FALSE -> FALSE | E26: FALSE
D27: =#REF! -> #REF! | E27: #REF!
D28: =#DIV/0! -> #DIV/0! | E28: #DIV/0!
D29: =#N/A -> #N/A | E29: #N/A
D30: =A1 -> 1 | E30: A1
D31: =$A$1 -> 1 | E31: $A$1
D32: =$A1 -> 1 | E32: $A1
D33: =A$1 -> 1 | E33: A$1
D34: =A1:A5 -> #VALUE! | E34: A1:A5
D35: =$A$1:$A$5 -> #VALUE! | E35: $A$1:$A$5
D36: =A$1:$A5 -> #VALUE! | E36: A$1:$A5
D37: =SUM(A1:A5) -> 15 | E37: SUM(A1:A5)
D38: =SUM($A$1:$A$5) -> 15 | E38: SUM($A$1:$A$5)
D39: =SUM(A:A) -> 210 | E39: SUM(A:A)
D40: =SUM(1:1) -> 7 | E40: SUM(1:1)
D41: =SUM(A1:A3 A2:A5) -> 5 | E41: SUM(A1:A3 A2:A5)
D42: =SUM(A1:A2,A4:A5) -> 12 | E42: SUM(A1:A2,A4:A5)
D43: =SUM((A1:A2,A4:A5)) -> 12 | E43: SUM((A1:A2,A4:A5))
D44: =SUM(A1:A5,A1) -> 16 | E44: SUM(A1:A5,A1)
D45: =COUNT(A1:A5) -> 5 | E45: COUNT(A1:A5)
D46: =MAX(A1:A5) -> 5 | E46: MAX(A1:A5)
D47: =MIN(A1:A5) -> 1 | E47: MIN(A1:A5)
D48: =ROUND(A1/A2,2) -> 0.5 | E48: ROUND(A1/A2,2)
D49: =ABS(-A1) -> 1 | E49: ABS(-A1)
D50: =IF(A1>1,"yes","no") -> no | E50: IF(A1>1,"yes","no")
D51: =IF(A1>1,SUM(A1:A2),MAX(A1:A2)) -> 2 | E51: IF(A1>1,SUM(A1:A2),MAX(A1:A2))
D52: =IFERROR(A1/0,0) -> 0 | E52: IFERROR(A1/0,0)
D53: =IFERROR(-MAX(SUM(A1:A5),0)*A2,"") -> -30 | E53: IFERROR(-MAX(SUM(A1:A5),0)*A2,"")
D54: =SUMPRODUCT(A1:A5,A1:A5) -> 55 | E54: SUMPRODUCT(A1:A5,A1:A5)
D55: =COUNTIF(A1:A5,">2") -> 3 | E55: COUNTIF(A1:A5,">2")
D56: =SUMIF(A1:A5,">2",A1:A5) -> 12 | E56: SUMIF(A1:A5,">2",A1:A5)
D57: =VLOOKUP(1,A1:B5,2,FALSE) -> 3 | E57: VLOOKUP(1,A1:B5,2,FALSE)
D58: =INDEX(A1:A5,2) -> 2 | E58: INDEX(A1:A5,2)
D59: =INDEX(A1:B5,2,2) -> 6 | E59: INDEX(A1:B5,2,2)
D60: =MATCH(3,A1:A5,0) -> 3 | E60: MATCH(3,A1:A5,0)
D61: =OFFSET(A1,1,1) -> 6 | E61: OFFSET(A1,1,1)
D62: =OFFSET(A1,1,1,2,2) -> #VALUE! | E62: OFFSET(A1,1,1,2,2)
D63: =INDIRECT("A1") -> 1 | E63: INDIRECT("A1")
D64: =TEXT(A1,"0.00") -> 1.00 | E64: TEXT(A1,"0.00")
D65: =NOW() -> 46245.926 | E65: NOW()
D66: =TODAY() -> 46245 | E66: TODAY()
D67: =NA() -> #N/A | E67: NA()
D68: =PI() -> 3.1415927 | E68: PI()
D69: =NPV(0.1,A1:A5) -> 10.652588 | E69: NPV(0.1,A1:A5)
D70: =IRR(A1:A5) -> #NUM! | E70: IRR(A1:A5)
D71: =PMT(0.1,10,100) -> -16.274539 | E71: PMT(0.1,10,100)
D72: =CONCATENATE(A1,"x",A2) -> 1x2 | E72: CONCATENATE(A1,"x",A2)
D73: =LEFT("abc",2) -> ab | E73: LEFT("abc",2)
D74: =ROUND(SUM(A1:A5)/COUNT(A1:A5),4) -> 3 | E74: ROUND(SUM(A1:A5)/COUNT(A1:A5),4)
D75: =SUM({1,2,3}) -> 6 | E75: SUM({1,2,3})
D76: =SUM({1,2;3,4}) -> 10 | E76: SUM({1,2;3,4})
D77: =SUM({1,"a";TRUE,FALSE}) -> 1 | E77: SUM({1,"a";TRUE,FALSE})
D78: =Data!A1 -> 1 | E78: Data!A1
D79: =Data!$A$1 -> 1 | E79: Data!$A$1
D80: =SUM(Data!A1:A5) -> 15 | E80: SUM(Data!A1:A5)
D81: =SUM(Data!A1:A5)+A1 -> 16 | E81: SUM(Data!A1:A5)+A1
D82: ='Sheet Space'!A1 -> 100 | E82: 'Sheet Space'!A1
D83: =SUM('Sheet Space'!A1:A5) -> 1500 | E83: SUM('Sheet Space'!A1:A5)
D84: =SUM(Data!A1) -> 1 | E84: SUM(Data:Data!A1)
D85: =MyName -> #VALUE! | E85: MyName
D86: =SUM(MyName) -> 15 | E86: SUM(MyName)
D87: =MyName+A1 -> #VALUE! | E87: MyName+A1
D88: =MyCell -> 20 | E88: MyCell
D89: =SUM(A1:A5)*2% -> 0.3 | E89: SUM(A1:A5)*2%
D90: =IF(TRUE,1,2) -> 1 | E90: IF(TRUE,1,2)
D91: =N(A1) -> 1 | E91: N(A1)
D92: =T(A1) | E92: T(A1)
D95: =A1*2+B1 -> 5
D96: =A2*2+B2 -> 10
D97: =A3*2+B3 -> 15
D98: =A4*2+B4 -> 20
D99: =A5*2+B5 -> 25
D100: =A6*2+B6 -> 30
D101: =A7*2+B7 -> 35
D102: =A8*2+B8 -> 40
...
